,fighter_name,win_loss,avg_pct
0,Alexandre Pantoja,0.8,0.49
1,Shavkat Rakhmonov,1.0,0.61
2,Ciryl Gane,0.6522,0.6
3,Bryce Mitchell,0.7778,0.59
4,Nate Landwehr,0.625,0.5
5,Dominick Reyes,0.6364,0.57
6,Vicente Luque,0.7143,0.54
7,Movsar Evloev,1.0,0.48
8,Randy Brown,0.7222,0.48
9,Chris Weidman,0.6316,0.49
10,Cody Durden,0.6,0.5
11,Michael Chiesa,0.6316,0.6
12,Clay Guida,0.5128,0.396
13,Kennedy Nzechukwu,0.6429,0.47
14,Petr Yan,0.6923,0.62
15,Yan Xiaonan,0.7273,0.453059
16,Song Kenan,0.6,1.0
17,Wang Cong,1.0,0.59
18,Volkan Oezdemir,0.5714,0.597
19,Zhang Mingyang,1.0,0.57
20,Baergeng Jieleyisi,0.6667,0.38
21,Kiru Sahota,1.0,0.52
22,Shi Ming,1.0,0.39
23,Nyamjargal Tumendemberel,1.0,0.38
24,Lone'er Kavanagh,1.0,0.43
25,Xiao Long,0.5,0.52
26,Maheshate,0.6,0.29
27,Jon Jones,0.913,0.58
28,Charles Oliveira,0.6875,0.75
29,Bo Nickal,1.0,0.63
30,Viviane Araujo,0.5455,0.5
31,Mauricio Ruffy,1.0,0.59
32,Jonathan Martinez,0.7143,0.63
33,Jim Miller,0.6047,0.42
34,David Onama,0.6667,0.5
35,Marcin Tybura,0.6,0.537
36,Mickey Gall,0.5,0.56
37,Bassil Hafez,0.5,0.39
38,Veronica Hardy,0.5,0.45
39,Neil Magny,0.6667,0.54
40,Gerald Meerschaert,0.5714,0.473
41,Gaston Bolanos,0.5,0.5
42,Luana Pinheiro,0.6667,0.5
43,Mansur Abdul-Malik,1.0,0.54
44,Karolina Kowalkiewicz,0.5294,0.453059
45,Elizeu Zaleski dos Santos,0.7143,0.460321
46,Matthew Semelsberger,0.5,0.5
47,Cody Stamann,0.5385,0.58
48,Tresean Gore,0.3333,0.54
49,Melissa Mullins,0.5,0.56
50,Brandon Moreno,0.6429,0.72
51,Erin Blanchfield,0.8571,0.57
52,Caio Machado,0.3333,0.58
53,Ariane da Silva,0.5,0.41
54,Marc-Andre Barriault,0.4167,0.522
55,Mike Malott,0.8,0.46
56,Aiemann Zahabi,0.7143,0.460321
57,Charles Jourdain,0.4615,0.48
58,Jack Shore,0.75,0.58
59,Alexandr Romanov,0.6667,0.52
60,Serhiy Sidey,0.5,0.39
61,Chad Anheliger,0.6,0.46
62,Jamey-Lyn Horth,0.5,0.62
63,Ilia Topuria,1.0,0.48
64,Robert Whittaker,0.7727,0.460321
65,Magomed Ankalaev,0.9091,0.61
66,Lerone Murphy,1.0,0.54
67,Shara Magomedov,1.0,0.66
68,Ibo Aslan,1.0,0.5
69,Geoff Neal,0.6667,0.51
70,Mateusz Rebecki,0.8,0.48
71,Abus Magomedov,0.5,0.44
72,Farid Basharat,1.0,0.58
73,Ismail Naurdiev,0.5,0.56
74,Rinat Fakhretdinov,1.0,0.54
75,Anthony Hernandez,0.75,0.63
76,Rob Font,0.5882,0.53
77,Charles Johnson,0.5556,0.51
78,Jake Hadley,0.5714,0.44
79,Darren Elkins,0.6429,0.453059
80,Matheus Nicolau,0.7,0.59
81,Brad Katona,0.5714,0.63
82,Joselyne Edwards,0.5,0.52
83,Jessica Penne,0.5,0.460321
84,Melissa Martinez,0.0,0.57
85,Austen Lane,0.25,0.5
86,Brandon Royval,0.6667,0.52
87,Brad Tavares,0.625,0.61
88,Chidi Njokuani,0.5714,0.63
89,Grant Dawson,0.9091,0.52
90,Daniel Rodriguez,0.6667,0.5
91,CJ Vergara,0.5714,0.57
92,Jonathan Pearce,0.6667,0.57
93,Themba Gorimbo,0.8,0.69
94,Junior Tafa,0.25,0.49
95,Julia Polastri,0.3333,0.54
96,Dan Argueta,0.3333,0.45
97,Clayton Carpenter,1.0,0.53
98,Alex Pereira,0.8889,0.63
99,Raquel Pennington,0.7222,0.6
100,Jose Aldo,0.7586,0.460321
101,Roman Dolidze,0.7,0.86
102,Ketlen Vieira,0.7273,0.453059
103,Stephen Thompson,0.6316,0.57
104,Marina Rodriguez,0.6667,0.5
105,Austin Hubbard,0.4444,0.5
106,Cesar Almeida,0.6667,0.61
107,Ryan Spann,0.5714,0.47
108,Carla Esparza,0.6667,0.460321
109,Court McGee,0.4545,0.460321
110,Renato Moicano,0.6875,0.57
111,Nassourdine Imavov,0.75,0.61
112,William Gomis,1.0,0.5
113,Kevin Jousset,1.0,0.56
114,Morgan Charriere,0.5,0.51
115,Fares Ziam,0.7143,0.5
116,Ion Cutelaba,0.4,0.502
117,Oumar Sy,1.0,0.59
118,Ludovit Klein,0.75,0.55
119,Taylor Lapilus,0.7143,0.55
120,Ailin Perez,0.75,0.58
121,Daniel Barez,0.0,0.53
122,Nora Cornolle,1.0,0.59
123,Bolaji Oki,1.0,0.45
124,Sean O'Malley,0.9167,0.62
125,Alexa Grasso,0.7273,0.503
126,Brian Ortega,0.7273,0.5
127,Daniel Zellhuber,0.8,0.41
128,Ronaldo Rodriguez,0.5,0.44
129,Irene Aldana,0.6154,0.453059
130,Manuel Torres,1.0,0.58
131,Yazmin Jauregui,0.75,0.39
132,Edgar Chairez,0.3333,0.48
133,Raul Rosas Jr.,0.8,0.43
134,Gilbert Burns,0.6818,0.48
135,Jessica Andrade,0.6296,0.66
136,Steve Garcia,0.75,0.56
137,Matt Schnell,0.5,0.453059
138,Trevor Peek,0.6,0.54
139,Rongzhu,0.6667,0.51
140,Isaac Dulgarian,0.5,0.64
141,Felipe dos Santos,0.5,0.37
142,Yizha,0.8333,0.44
143,Jaqueline Amorim,0.6667,0.52
144,Andre Petroski,0.75,0.57
145,Zygimantas Ramaska,,0.6
146,Jared Cannonier,0.5882,0.645
147,Angela Hill,0.48,0.67
148,Robert Valentin,,0.5
149,Kaan Ofli,,0.42
150,Edmen Shahbazyan,0.6364,0.59
151,Dennis Buzukja,0.4,0.43
152,Zachary Reese,0.6667,0.59
153,Viacheslav Borshchev,0.5,0.53
154,Jacqueline Cavalcanti,1.0,0.55
155,Dricus Du Plessis,1.0,0.49
156,Kai Kara-France,0.6364,0.48
157,Mateusz Gamrot,0.7778,0.5
158,Tai Tuivasa,0.5333,0.675
159,Li Jingliang,0.6471,0.453059
160,Josh Culibao,0.5,0.44
161,Casey O'Neill,0.6667,0.72
162,Jack Jenkins,0.75,0.6
163,Tom Nolan,0.6667,0.5
164,Stewart Nicoll,,0.47
165,Damon Jackson,0.5455,0.453059
166,Danny Barlow,1.0,0.5
167,Chris Gutierrez,0.7273,0.59
168,Yana Santos,0.4444,0.58
169,Toshiomi Kazama,0.3333,0.53
170,Karol Rosa,0.6667,0.56
171,Jhonata Diniz,1.0,0.53
172,Youssef Zalal,0.625,0.56
173,Stephanie Luciano,,0.48
174,Cory Sandhagen,0.7692,0.56
175,Marlon Vera,0.6522,0.5
176,Tony Ferguson,0.6923,0.55
177,Mackenzie Dern,0.6154,0.48
178,Joel Alvarez,0.7143,0.52
179,Azamat Murzakanov,1.0,0.56
180,Mohammad Yahya,0.0,0.42
181,Shamil Gaziev,0.6667,0.49
182,Guram Kutateladze,0.3333,0.45
183,Viktoriia Dudakova,1.0,0.48
184,Jai Herbert,0.3333,0.42
185,Sedriques Dumas,0.6,0.48
186,Leon Edwards,0.875,0.77
187,Tom Aspinall,0.875,0.67
188,King Green,0.5862,0.53
189,Christian Leroy Duncan,0.75,0.62
190,Arnold Allen,0.8333,0.453059
191,Nathaniel Wood,0.7,0.51
192,Molly McCann,0.5833,0.49
193,Muhammad Mokaev,1.0,0.45
194,Oban Elliott,1.0,0.49
195,Modestas Bukauskas,0.4286,0.42
196,Sam Patterson,0.6667,0.37
197,Mick Parkin,1.0,0.52
198,Shauna Bannon,0.0,0.41
199,Amanda Lemos,0.7273,0.642
200,Kurt Holobaugh,0.1429,0.453059
201,Dooho Choi,0.5714,0.675
202,JeongYeong Lee,1.0,0.52
203,Brian Kelleher,0.5,0.453059
204,Miranda Maverick,0.6667,0.48
205,Loik Radzhabov,0.6667,0.44
206,Luana Carolina,0.6667,0.51
207,Mohammed Usman,0.75,0.36
208,Rose Namajunas,0.6875,0.46
209,Santiago Ponzinibbio,0.6471,0.460321
210,Drew Dober,0.6087,0.453059
211,Gabriel Bonfim,0.75,0.42
212,Julian Erosa,0.5333,0.56
213,Joshua Van,0.8,0.53
214,Jasmine Jasudavicius,0.75,0.45
215,Montel Jackson,0.8,0.55
216,Luana Santos,1.0,0.51
217,Josh Fremd,0.4,0.44
218,Evan Elder,0.3333,0.49
219,Dan Ige,0.6111,0.61
220,Anthony Smith,0.5556,0.507
221,Mayra Bueno Silva,0.6667,0.59
222,Ian Machado Garry,1.0,0.55
223,Joe Pyfer,0.6667,0.41
224,Cub Swanson,0.6129,0.52
225,Payton Talbott,1.0,0.55
226,Michelle Waterson-Gomez,0.5,0.46
227,Andrei Arlovski,0.5435,0.463
228,Rei Tsuruya,1.0,0.6
229,Ricky Simon,0.6923,0.453059
230,Sergei Pavlovich,0.75,0.52
231,Kelvin Gastelum,0.5714,0.505
232,Johnny Walker,0.6154,0.9
233,Nasrat Haqparast,0.6667,0.47
234,Muhammad Naimov,0.75,0.43
235,Kyung Ho Kang,0.6667,0.47
236,Magomed Gadzhiyasulov,1.0,0.5
237,Alex Perez,0.6667,0.6
238,Douglas Silva de Andrade,0.5833,0.460321
239,Timmy Cuamba,0.5,0.4
240,Brady Hiestand,0.6667,0.5
241,Asu Almabayev,1.0,0.61
242,Josh Quinlan,0.3333,0.42
243,Jimmy Flick,0.6,0.58
244,Carli Judice,0.0,0.54
245,Jeka Saragih,0.75,0.5
246,Melquizael Costa,0.3333,0.46
247,Josefine Knutsson,1.0,0.51
248,Brunno Ferreira,0.8,0.54
249,Julian Marquez,0.5714,0.5
250,Miguel Baeza,0.5714,0.58
251,Thiago Moises,0.6154,0.5
252,Charles Radtke,0.6667,0.53
253,Andrea Lee,0.4167,0.6
254,John Castaneda,0.7143,0.5
255,Eduarda Moura,0.6667,0.57
256,Rayanne dos Santos,0.0,0.43
257,Islam Makhachev,0.9333,0.64
258,Sean Strickland,0.7143,0.57
259,Kevin Holland,0.6364,0.605
260,Niko Price,0.5333,0.453059
261,Jailton Almeida,0.875,0.64
262,Phil Rowe,0.6667,0.56
263,Mitch Raposo,0.0,0.33
264,Edson Barboza,0.6207,0.62
265,Khaos Williams,0.7143,0.58
266,Adrian Yanez,0.75,0.7
267,Victor Martinez,0.5,0.51
268,Tamires Vidal,0.3333,0.55
269,Piera Rodriguez,0.75,0.47
270,Alatengheili,0.6667,0.32
271,Vanessa Demopoulos,0.625,0.42
272,Derrick Lewis,0.6429,0.81
273,Joaquin Buckley,0.6923,0.38
274,Alonzo Menifield,0.7143,0.54
275,Diego Ferreira,0.6429,0.7
276,Alex Caceres,0.5714,0.554
277,Waldo Cortes-Acosta,0.8333,0.48
278,Chase Hooper,0.7,0.653
279,Terrance McKinney,0.5556,0.57
280,Tabatha Ricci,0.75,0.38
281,Billy Ray Goff,1.0,0.46
282,JJ Aldrich,0.6429,0.46
283,Michel Pereira,0.8182,0.55
284,Paul Craig,0.5294,0.63
285,Elves Brener,0.75,0.47
286,Joaquim Silva,0.6,0.525
287,Dione Barbosa,1.0,0.48
288,Ismael Bonfim,0.6667,0.54
289,Alessandro Costa,0.5,0.47
290,Tim Means,0.5357,0.545
291,Rani Yahya,0.68,0.68
292,Don'Tale Mayes,0.5455,0.45
293,Marnic Mann,0.0,0.41
294,James Llontop,0.3333,0.43
295,Ivana Petrovic,0.5,0.42
296,Gabriel Benitez,0.5,0.465
297,Zhang Weili,0.8,0.53
298,Justin Gaethje,0.6667,0.59
299,Jiri Prochazka,0.8,0.55
300,Calvin Kattar,0.5833,0.46
301,Holly Holm,0.5714,0.453059
302,Sodiq Yusuff,0.7778,0.53
303,Jalin Turner,0.6667,0.53
304,Deiveson Figueiredo,0.8125,0.56
305,Brendan Allen,0.8667,0.6
306,Alexander Hernandez,0.4615,0.61
307,Ignacio Bahamondes,0.7143,0.47
308,Valter Walker,0.0,0.52
309,Norma Dumont,0.7778,0.53
310,Pedro Falcao,1.0,0.48
311,Dylan Budka,0.5,0.6
312,Nursulton Ruziboev,1.0,0.43
313,Bill Algeo,0.5,0.53
314,Virna Jandiroba,0.6667,0.46
315,Julio Arce,0.6,0.453059
316,Angel Pacheco,0.0,0.39
317,Amanda Ribas,0.7,0.45
318,Karl Williams,1.0,0.48
319,Billy Quarantillo,0.7,0.81
320,Fernando Padilla,0.5,0.42
321,Ricardo Ramos,0.5833,0.51
322,Miles Johns,0.75,0.53
323,Jarno Errens,0.3333,0.44
324,Montserrat Rendon,1.0,0.28
325,Igor Severino,1.0,0.52
326,Ovince Saint Preux,0.6176,0.697
327,Christian Rodriguez,0.8333,0.47
328,Pannie Kianzad,0.5,0.49
329,Natan Levy,0.75,0.52
330,Josiane Nunes,0.75,0.42
331,Jafel Filho,0.6667,0.41
332,Charalampos Grigoriou,0.5,0.48
333,Dustin Poirier,0.7419,0.52
334,Curtis Blaydes,0.7647,0.6
335,Katlyn Cerminara,0.6875,0.34
336,Pedro Munhoz,0.5263,0.627
337,Robelis Despaigne,0.5,0.59
338,Joanne Wood,0.5,0.51
339,Jairzinho Rozenstruik,0.6154,0.7
340,Vitor Petrino,1.0,0.45
341,Umar Nurmagomedov,1.0,0.63
342,Eryk Anders,0.5,0.79
343,Vinicius Oliveira,1.0,0.43
344,Abdul-Kareem Al-Selwady,1.0,0.34
345,Yair Rodriguez,0.7692,0.487
346,Cristian Quinonez,0.6667,0.4
347,Jesus Aguilar,0.75,0.51
348,Claudio Puelles,0.7143,0.49
349,Victor Altamirano,0.5,0.57
350,Erik Silva,0.5,0.7
351,Alexander Volkanovski,0.8667,0.65
352,Merab Dvalishvili,0.8333,0.453059
353,Marcos Rogerio de Lima,0.5556,0.775
354,Rinya Nakamura,1.0,0.54
355,Jack Hermansson,0.625,0.583
356,Robert Bryczek,,0.24
357,Michael Johnson,0.4643,0.48
358,Rodolfo Vieira,0.6667,0.54
359,Trevin Giles,0.5385,0.77
360,Loma Lookboonmee,0.7143,0.65
361,Devin Clark,0.5,0.7
362,Max Griffin,0.5,0.49
363,Zac Pauga,0.3333,0.62
364,Fernie Garcia,0.25,0.34
365,Gilbert Urbina,0.5,0.59
366,Azat Maksum,1.0,0.23
367,Landon Quinones,0.0,0.4
368,Thomas Petersen,0.5,0.61
369,Chris Curtis,0.75,0.51
370,Gillian Robertson,0.6471,0.5
371,Yohan Lainesse,0.5,0.41
372,Malcolm Gordon,0.3333,0.46
373,Phil Hawes,0.5556,0.59
374,Marcus McGhee,1.0,0.51
375,Westin Wilson,0.0,0.33
376,Nikolas Motta,0.6,0.37
377,Josh Emmett,0.6923,0.453059
378,Cody Garbrandt,0.6429,0.453059
379,Tagir Ulanbekov,0.75,0.45
380,Andre Fili,0.5238,0.52
381,Martin Buday,0.8333,0.53
382,Song Yadong,0.8333,0.460321
383,Tim Elliott,0.4211,0.502
384,JunYong Park,0.7,0.51
385,HyunSung Park,1.0,0.44
386,Tatsuro Taira,1.0,0.65
387,Beneil Dariush,0.7619,0.49
388,Sean Brady,0.8571,0.56
389,Punahele Soriano,0.5,0.53
390,Miesha Tate,0.6,0.54
391,Drakkar Klose,0.8,0.61
392,Rodolfo Bellato,0.5,0.61
393,Wellington Turman,0.375,0.51
394,Michael Morales,1.0,0.48
395,Uros Medic,0.6667,0.77
396,Lucie Pudilova,0.3,0.48
397,Matt Frevola,0.6,0.460321
398,Diego Lopes,0.6667,0.55
399,Steve Erceg,0.75,0.48
400,Jared Gordon,0.6154,0.56
401,Rodrigo Nascimento,0.7143,0.57
402,Caio Borralho,1.0,0.6
403,Kaue Fernandes,0.0,0.57
404,Kamaru Usman,0.8824,0.593
405,Ikram Aliskerov,1.0,0.6
406,Said Nurmagomedov,0.75,0.599
407,Abu Azaitar,0.5,0.453059
408,Mike Breeden,0.0,0.45
409,Jennifer Maia,0.5455,0.453059
410,Tainara Lisboa,1.0,0.5
411,Irina Alekseeva,1.0,0.43
412,Ashley Yoder,0.3,0.453059
413,Alex Morono,0.65,0.453059
414,Nate Maness,0.6667,0.5
415,Aoriqileng,0.5,0.5
416,Montana De La Rosa,0.5,0.453059
417,Rafael Fiziev,0.6,0.52
418,Bryan Battle,0.8571,0.53
419,Jacob Malkoun,0.5,0.56
420,Mizuki,0.5,0.5
421,Loopy Godinez,0.6364,0.54
422,Roman Kopylov,0.5714,0.54
423,Tracy Cortez,1.0,0.55
424,Alex Reyes,0.0,0.46
425,Israel Adesanya,0.8125,0.69
426,Manel Kape,0.6667,0.53
427,Justin Tafa,0.5714,0.66
428,Tyson Pedro,0.6,0.612
429,Carlos Ulberg,0.875,0.62
430,Jamie Mullarkey,0.5,0.46
431,Blood Diamond,0.0,0.55
432,Shane Young,0.3333,0.453059
433,Manon Fiorot,1.0,0.5
434,Benoit Saint Denis,0.7143,0.54
435,Ange Loosa,0.5,0.44
436,Zarah Fairn,0.0,0.4
437,Max Holloway,0.7586,0.48
438,Giga Chikadze,0.8,0.52
439,Liang Na,0.0,0.42
440,SeungWoo Choi,0.4444,0.42
441,Aljamain Sterling,0.8,0.577
442,Da'Mon Blackshear,0.4,0.47
443,Gregory Rodrigues,0.6667,0.56
444,Karine Silva,1.0,0.38
445,Khalil Rountree Jr.,0.6429,0.643
446,Polyana Viana,0.4444,0.66
447,AJ Dobson,0.5,0.46
448,JP Buys,0.2,0.45
449,Francis Marshall,0.5,0.34
450,Josh Parisian,0.5,0.55
451,Juliana Miller,0.5,0.45
452,Dustin Jacoby,0.6154,0.49
453,Tanner Boser,0.4444,0.616
454,Kyler Phillips,0.875,0.56
455,Jeremiah Wells,0.8,0.43
456,Sean Woodson,0.8571,0.46
457,Ode Osbourne,0.5,0.52
458,Jan Blachowicz,0.6667,0.65
459,Jake Matthews,0.6316,0.7
460,Davey Grant,0.5455,0.53
461,Danny Roberts,0.5385,0.460321
462,Marc Diakiese,0.5,0.507
463,Makhmud Muradov,0.6,0.43
464,Chris Duncan,0.6,0.46
465,Jack Della Maddalena,1.0,0.53
466,Ottman Azaitar,0.6667,0.51
467,Albert Duraev,0.75,0.4
468,Nazim Sadykhov,1.0,0.48
469,Tucker Lutz,0.6,0.52
470,Austin Lingo,0.5,0.42
471,Tyson Nam,0.4286,0.33
472,Alexander Munoz,0.3333,0.43
473,Ashlee Evans-Smith,0.375,0.68
474,Robbie Lawler,0.5714,0.47
475,Jimmy Crute,0.625,0.57
476,Cameron Saaiman,0.8,0.46
477,Shannon Ross,0.0,0.39
478,Kamuela Kirk,0.3333,0.52
479,Damir Ismagulov,0.8333,0.61
480,Kevin Lee,0.6111,0.458
481,Joanderson Brito,0.8571,0.51
482,Zhalgas Zhumagulov,0.1667,0.55
483,Jamall Emmers,0.4286,0.68
484,Cody Brundage,0.4444,0.61
485,Marvin Vettori,0.6923,0.71
486,Arman Tsarukyan,0.8,0.48
487,Armen Petrosyan,0.6667,0.52
488,Pat Sabatini,0.7143,0.59
489,Nicolas Dalby,0.7,0.453059
490,Carlos Hernandez,0.5,0.46
491,Tereza Bleda,0.5,0.53
492,Amanda Nunes,0.8421,0.62
493,Kyle Nelson,0.5,0.45
494,David Dvorak,0.6,0.5
495,Diana Belbita,0.3333,0.46
496,Abubakar Nurmagomedov,0.6667,0.53
497,Daniel Santos,0.5,0.37
498,Elise Reed,0.4286,0.53
499,Philipe Lins,0.6,0.49
500,Emily Ducote,0.5,0.52
501,Andre Fialho,0.3333,0.41
502,Orion Cosce,0.6667,0.55
503,Ilir Latifi,0.6,0.453059
504,Natalia Silva,1.0,0.47
505,Takashi Sato,0.3333,0.41
506,Matt Brown,0.5517,0.622
507,Ji Yeon Kim,0.3333,0.460321
508,Jessica-Rose Clark,0.5,0.58
509,Belal Muhammad,0.8235,0.453059
510,Kron Gracie,0.3333,0.44
511,Braxton Smith,,0.48
512,Joseph Holmes,0.5,0.53
513,Stephanie Egger,0.5,0.52
514,Journey Newson,0.25,0.33
515,Hailey Cowan,1.0,0.42
516,Iasmin Lucindo,0.75,0.46
517,Ricky Glenn,0.4444,0.42
518,Zak Cummings,0.6429,0.460321
519,Lando Vannata,0.4,0.453059
520,Bruna Brasil,0.5,0.61
521,Aaron Phillips,0.0,0.59
522,Cynthia Calvillo,0.5455,0.5
523,Shayilan Nuerdanbieke,0.6,0.45
524,Daniel Pineda,0.4167,0.79
525,Steven Peterson,0.375,0.460321
526,Gunnar Nelson,0.6429,0.9
527,Alexander Volkov,0.75,0.6
528,Nikita Krylov,0.5882,0.67
529,Mario Bautista,0.8,0.49
530,Raphael Assuncao,0.6522,0.54
531,Victor Henry,0.75,0.54
532,Carlston Harris,0.8,0.49
533,Valentina Shevchenko,0.8,0.72
534,Derek Brunson,0.7083,0.482
535,Mana Martinez,0.5,0.5
536,Esteban Ribovics,0.75,0.52
537,Andre Muniz,0.7778,0.59
538,Augusto Sakai,0.5556,0.5
539,Tatiana Suarez,1.0,0.84
540,Erick Gonzalez,0.0,0.36
541,Jordan Leavitt,0.7143,0.61
542,Joe Solecki,0.75,0.76
543,Rafael Alves,0.5,0.48
544,Jordan Wright,0.3333,0.77
545,William Knight,0.625,0.78
546,Lina Lansberg,0.4,0.6
547,AJ Fletcher,0.5,0.49
548,Zubaira Tukhugov,0.7143,0.475
549,Da Woon Jung,0.5714,0.43
550,Yusaku Kinoshita,0.5,0.5
551,SeungGuk Choi,1.0,0.42
552,Glover Teixeira,0.7308,0.54
553,Lauren Murphy,0.6154,0.57
554,Mauricio Rua,0.675,0.57
555,Shamil Abdurakhimov,0.5,0.475
556,Luan Lacerda,0.0,0.44
557,Warlley Alves,0.5333,0.488
558,Saimon Oliveira,0.5,0.41
559,Javid Basharat,1.0,0.53
560,Claudio Ribeiro,0.5,0.51
561,Allan Nascimento,0.3333,0.61
562,Amir Albazi,1.0,0.42
563,Cheyanne Vlismas,0.75,0.5
564,Rafa Garcia,0.5714,0.42
565,Sergey Morozov,0.5,0.43
566,Paddy Pimblett,1.0,0.58
567,Darren Till,0.6,0.575
568,TJ Brown,0.5,0.54
569,Bryan Barberena,0.5,0.51
570,Marcelo Rojo,0.0,0.39
571,Chase Sherman,0.2857,0.460321
572,Vince Morales,0.3333,0.39
573,Ricky Turcios,0.5,0.45
574,Frankie Edgar,0.6429,0.483
575,Dan Hooker,0.619,0.66
576,Brad Riddell,0.6667,0.59
577,Michael Trizano,0.5,0.59
578,Darrick Minner,0.3333,0.7
579,Liudvik Sholinian,0.0,0.3
580,Carlos Candelario,0.3333,0.46
581,Katlyn Chookagian,0.7333,0.453059
582,Misha Cirkunov,0.5,0.82
583,Nick Maximov,0.75,0.49
584,Mike Jackson,0.5,0.57
585,Raoni Barcelos,0.6,0.56
586,Mike Davis,0.6,0.54
587,Krzysztof Jotko,0.6875,0.57
588,Julija Stoliarenko,0.2857,0.460321
589,Guido Cannetti,0.4444,0.55
590,Denise Gomes,0.6667,0.5
591,Trey Ogden,0.5,0.48
592,Mariya Agapova,0.3333,0.55
593,Tony Gravely,0.625,0.59
594,Nate Diaz,0.6129,0.45
595,Khamzat Chimaev,1.0,0.82
596,Hakeem Dawodu,0.6667,1.0
597,Denis Tiuliulin,0.2,0.41
598,Jake Collier,0.3846,0.453059
599,Darian Weeks,0.0,0.51
600,Alessio Di Chirico,0.4,0.460321
601,John Makdessi,0.5789,0.58
602,Khalid Taha,0.25,0.56
603,Paulo Costa,0.6667,0.68
604,Wu Yanan,0.2,0.460321
605,Leonardo Santos,0.7778,0.46
606,Daniel Lacerda,0.0,0.45
607,Priscila Cachoeira,0.4444,0.453059
608,Bruno Silva,0.4444,0.73
609,Jason Witt,0.4,0.65
610,Thiago Santos,0.6087,0.48
611,Brogan Walker,0.0,0.3
612,Sam Alvey,0.4545,0.665
613,Cory McKenna,0.6667,0.49
614,Julianna Pena,0.7,0.51
615,Nicolae Negumereanu,0.8,0.460321
616,Mason Jones,0.5,0.44
617,Makwan Amirkhani,0.5385,0.85
618,Mandy Bohm,0.0,0.45
619,Claudio Silva,0.7143,0.51
620,Shane Burgos,0.7,0.52
621,Dwight Grant,0.5,0.36
622,Rafael Dos Anjos,0.6,0.47
623,Jared Vanderaa,0.2857,0.52
624,Antonina Shevchenko,0.5,0.57
625,Ronnie Lawrence,1.0,0.58
626,Ian Garry,1.0,0.55
627,Uriah Hall,0.5556,0.615
628,Jessica Eye,0.3571,0.42
629,Raulian Paiva,0.5714,0.43
630,Maria Oliveira,0.25,0.38
631,Eddie Wineland,0.5,0.453059
632,Ramona Pascual,0.0,0.57
633,Felice Herrig,0.5556,0.58
634,Niklas Stolze,0.0,0.48
635,Johnny Munoz,0.4,0.42
636,Jeff Molina,1.0,0.48
637,Omar Morales,0.5714,0.49
638,Frank Camacho,0.2857,0.51
639,Michael Chandler,0.5714,0.5
640,Francisco Trinaldo,0.72,0.8
641,Macy Chiasson,0.7,0.55
642,Blagoy Ivanov,0.4286,0.453059
643,Kleydson Rodrigues,0.5,0.57
644,Ariane Carnelossi,0.5,0.44
645,Gabe Green,0.5,0.46
646,Gina Mazany,0.2857,0.5
647,Maycee Barber,0.8182,0.7
648,Preston Parsons,0.5,0.53
649,Marcin Prachnio,0.4444,0.62
650,Dean Barry,,0.4
651,Mounir Lazzez,0.6667,0.55
652,Chris Barnett,0.5,0.48
653,Istela Nunes,0.0,0.45
654,Vinc Pichel,0.7,0.460321
655,Aspen Ladd,0.6667,0.555
656,Aleksei Oleinik,0.5625,0.53
657,Askar Askarov,1.0,0.55
658,Sara McMann,0.625,0.88
659,Aliaskhab Khizriev,1.0,0.64
660,Luis Saldana,0.6667,0.51
661,Mike Grundy,0.3333,0.58
662,Marlon Moraes,0.6154,0.475
663,Trevin Jones,0.25,0.61
664,Sabina Mazo,0.5,0.54
665,Dalcha Lungiambula,0.3333,0.55
666,Kris Moutinho,0.0,0.32
667,Tafon Nchukwi,0.5,0.55
668,Colby Covington,0.8,0.64
669,Serghei Spivac,0.6364,0.53
670,Maryna Moroz,0.5455,0.453059
671,Devonte Smith,0.6667,0.68
672,Alejandro Perez,0.7273,0.460321
673,Ramiz Brahimaj,0.4,0.44
674,Kyle Daukaus,0.5,0.67
675,Parker Porter,0.5714,0.51
676,Chas Skelly,0.6364,0.453059
677,Bobby Green,0.5833,0.6
678,Roxanne Modafferi,0.3077,0.460321
679,Alexis Davis,0.5625,0.6
680,Francis Ngannou,0.8462,0.596
681,Silvana Gomez Juarez,0.3333,0.32
682,Kay Hansen,0.3333,0.56
683,Dakota Bush,0.0,0.39
684,Jamie Pickett,0.2727,0.55
685,Dustin Stoltzfus,0.375,0.76
686,Sijara Eubanks,0.5556,0.49
687,Ryan Hall,0.8,0.56
688,Randy Costa,0.4,0.46
689,Maki Pitolo,0.3333,0.45
690,Louis Smolka,0.5,0.526
691,Ben Rothwell,0.6667,0.457
692,Felicia Spencer,0.4,0.55
693,Cortney Casey,0.4286,0.61
694,Al Iaquinta,0.6429,0.5
695,Gian Villante,0.4545,0.56
696,Melsik Baghdasaryan,0.75,0.62
697,Shamil Gamzatov,1.0,0.48
698,Hu Yaozong,0.0,0.48
699,Khama Worthy,0.5,0.5
700,Livinha Souza,0.6,0.55
701,Andrew Sanchez,0.5556,0.72
702,Batgerel Danaa,0.5,0.36
703,Charles Rosa,0.4167,0.453059
704,Alex Oliveira,0.55,0.523
705,Bethe Correia,0.5,0.583
706,Nick Diaz,0.7308,0.441
707,Ariane Lipski,0.6,0.41
708,Mike Rodriguez,0.4286,0.6
709,Rong Zhu,0.0,0.53
710,Impa Kasanganay,0.8,0.58
711,Emily Whitmire,0.4,0.6
712,Bea Malecki,1.0,0.460321
713,Roosevelt Roberts,0.5556,0.49
714,Sasha Palatnikov,0.5,0.53
715,Tecia Torres,0.6429,0.509
716,Victoria Leonardo,0.4,0.53
717,Cheyanne Buys,0.5,0.54
718,Collin Anglin,0.5,0.54
719,Chris Gruetzemacher,0.5714,0.605
720,Jinh Yu Frey,0.2857,0.56
721,Ryan Benoit,0.375,0.453059
722,Marion Reneau,0.4545,0.453059
723,Jeremy Stephens,0.4688,0.476
724,Francisco Figueiredo,0.6667,0.61
725,Alan Baudot,0.0,0.61
726,Carlos Condit,0.5833,0.415
727,Omari Akhmedov,0.6923,0.7
728,Julia Avila,0.75,0.43
729,Yancy Medeiros,0.5333,0.453059
730,Chan Sung Jung,0.5385,0.460321
731,Aleksa Camur,0.5,0.66
732,Kanako Murata,0.5,0.59
733,Demian Maia,0.6875,0.553
734,Carlos Felipe,0.75,0.46
735,Walt Harris,0.4286,0.453059
736,Dusko Todorovic,0.5,0.71
737,Jacare Souza,0.7037,0.56
738,Kevin Aguilar,0.5,0.51
739,Christos Giagos,0.4615,0.453059
740,Donald Cerrone,0.6444,0.545
741,Maurice Greene,0.5714,0.6
742,Christian Aguilera,0.5,0.43
743,Randa Markos,0.375,0.53
744,Kai Kamaka,0.5,0.61
745,Poliana Botelho,0.5,0.66
746,Andreas Michailidis,0.3333,0.52
747,Luke Sanders,0.5,0.62
748,Karl Roberson,0.5,0.73
749,Danaa Batgerel,0.5,0.39
750,Kazula Vargas,0.3333,0.53
751,Aori Qileng,,0.44
752,Na Liang,,0.7
753,Abdul Razak Alhassan,0.5455,0.54
754,Luis Pena,0.5714,0.460321
755,Bartosz Fabinski,0.6,0.77
756,Nina Nunes,0.5,0.47
757,Mike Perry,0.5,0.62
758,Scott Holtzman,0.5833,0.533
759,Yorgan De Castro,0.5,0.53
760,Hunter Azure,0.75,0.53
761,Da-Un Jung,1.0,0.45
762,Stipe Miocic,0.7778,0.538
763,Tyron Woodley,0.7391,0.68
764,Jared Gooden,0.3333,0.49
765,Gloria de Paula,0.5,0.54
766,Dominick Cruz,0.8235,0.537
767,Joseph Benavidez,0.75,0.460321
768,Rogerio Bontorin,0.6,0.53
769,Vince Cachero,0.0,0.45
770,Shana Dobson,0.3333,0.453059
771,Andre Ewell,0.5,0.453059
772,Alistair Overeem,0.6875,0.79
773,Nik Lentz,0.6364,0.548
774,Ike Villanueva,0.2,0.4
775,Su Mudaerji,0.6667,0.59
776,David Zawada,0.25,0.51
777,Sarah Moras,0.375,0.460321
778,Jacob Kilburn,0.0,0.571
779,Anthony Pettis,0.6154,0.483
780,Deron Winn,0.5,0.47
781,Junior Dos Santos,0.7143,0.546
782,Gavin Tucker,0.6667,0.453059
783,Matt Wiman,0.5882,0.51
784,Spike Carlyle,0.5,0.68
785,Martin Day,0.0,0.49
786,Alan Jouban,0.5833,0.58
787,Louis Cosce,0.5,0.51
788,Paul Felder,0.6429,0.6
789,Geraldo de Freitas,0.5,0.47
790,Claudia Gadelha,0.6364,0.460321
791,Gustavo Lopez,0.5,0.41
792,Cole Williams,0.0,0.33
793,Khabib Nurmagomedov,1.0,0.514
794,Stefan Struve,0.5652,0.487
795,Liana Jojua,0.3333,0.43
796,Thomas Almeida,0.5556,0.55
797,Gadzhimurad Antigulov,0.4,0.56
798,Markus Perez,0.3333,0.75
799,Tom Breese,0.7143,0.63
800,Chris Daukaus,0.5714,0.62
801,Ali AlQaisi,0.0,0.41
802,Germaine de Randamie,0.75,0.6
803,Dequan Townsend,0.0,0.43
804,Jordan Williams,0.25,0.55
805,Casey Kenney,0.6667,0.42
806,Luigi Vendramini,0.3333,0.453059
807,Diego Sanchez,0.6471,0.431
808,Juan Espino,1.0,0.95
809,Khadis Ibragimov,0.0,0.52
810,Jordan Espinosa,0.5714,0.6
811,Mirsad Bektic,0.6667,0.494
812,Michelle Waterson,0.6667,0.78
813,Ed Herman,0.52,0.566
814,Brok Weaver,0.5,0.74
815,Cole Smith,0.5,0.33
816,Ricardo Lamas,0.6364,0.5
817,Mallory Martin,0.5,0.667
818,Carlton Minus,0.0,0.4
819,Timur Valiev,1.0,0.71
820,John Dodson,0.625,0.453059
821,Herbert Burns,0.5,0.45
822,Yana Kunitskaya,0.6667,0.57
823,Irwin Rivera,0.5,0.41
824,Joanne Calderwood,0.5833,0.543
825,Frankie Saenz,0.5556,0.51
826,Fabricio Werdum,0.7097,0.609
827,Ramazan Emeev,0.7143,0.53
828,Joe Duffy,0.5714,0.453059
829,Brett Johns,0.6667,0.61
830,Davi Ramos,0.6667,0.505
831,Jimmie Rivera,0.7,0.55
832,John Phillips,0.2,0.460321
833,Mara Romero Borella,0.3333,0.6
834,Jordan Griffin,0.4,0.48
835,Anthony Ivy,0.0,0.36
836,Ian Heinisch,0.5714,0.57
837,Charles Byrd,0.3333,0.78
838,Jussier Formiga,0.6,0.453059
839,Evan Dunham,0.5789,0.393
840,Jamahal Hill,0.875,0.66
841,Henry Cejudo,0.7692,0.51
842,Greg Hardy,0.6,0.5
843,Elizeu Dos Santos,0.7778,0.39
844,Veronica Macedo,0.25,0.56
845,Weili Zhang,1.0,0.58
846,Mark Madsen,0.8,0.75
847,Megan Anderson,0.6,0.46
848,Gabriel Silva,0.0,0.5
849,Aalon Cruz,0.5,0.4
850,Jim Crute,0.6667,0.57
851,Ben Sosoli,,0.31
852,Callan Potter,0.5,0.51
853,Kai Kara France,0.75,0.436
854,Corey Anderson,0.7143,0.64
855,Mark De La Rosa,0.3333,0.53
856,Juan Adams,0.3333,0.59
857,Domingo Pilarte,0.5,0.51
858,Hannah Cifers,0.3333,0.59
859,Bevon Lewis,0.6,0.45
860,Justine Kish,0.5,0.53
861,Conor McGregor,0.7692,0.6
862,Da Un Jung,1.0,0.43
863, Jun Yong Park,0.0,0.522
864,Dong Hyun Ma,0.4286,0.543
865,Miranda Granger,0.3333,0.47
866,Heili Alateng,1.0,0.405
867,Peter Yan,1.0,0.459
868,Thiago Alves,0.5769,0.496
869,Antonio Arroyo,0.5,0.7
870,Sergio Moraes,0.6667,0.535
871,Vanessa Melo,0.0,0.3
872,Zabit Magomedsharipov,1.0,0.69
873,Alekander Volkov,0.8,0.6
874,Zelim Imadaev,0.0,0.41
875,Rustam Khabilov,0.75,0.68
876,Alexander Yakovlev,0.375,0.545
877,Grigorii Popov,0.0,0.37
878,Jorge Masvidal,0.6296,0.534
879,Lyman Good,0.6,0.53
880,Muslim Salikhov,0.6364,0.49
881,Alex White,0.4444,0.66
882,Enrique Barzola,0.75,0.53
883,Raphael Pessoa Nunes,0.0,0.25
884,Joe Lauzon,0.5385,0.543
885,Kyle Bochniak,0.3333,0.453059
886,Daniel Spitz,0.3333,0.6
887,Joanna Jedrzejczyk,0.7143,0.48
888,Luke Jumeau,0.6667,0.495
889,Nadia Kassem,0.5,0.49
890,Michal Oleksiejczuk,0.5385,0.605
891,Alen Amedovski,0.0,0.3
892,Siyar Bahadurzada,0.5714,0.75
893,Brandon Davis,0.3333,0.453059
894,Martin Bravo,0.3333,0.460321
895,Jose Quinonez,0.625,0.5
896,Marco Polo Reyes,0.5714,0.37
897,Sergio Pettis,0.6154,0.66
898,Vinicius Moreira,0.25,0.6
899,Caludio Puelles,0.5,0.36
900,Kyle Prepolec,0.0,0.34
901,Mairbek Taisumov,0.875,0.543
902,Nordine Taleb,0.6364,0.64
903,Don Madge,1.0,0.52
904,Daniel Cormier,0.9048,0.61
905,Yoel Romero,0.6923,1.0
906,Manny Bermudez,0.75,0.61
907,Vincente Luque,0.8182,0.53
908,Luiz Garagorri,,0.54
909,Darko Stosic,0.3333,0.56
910,Cris Cyborg,0.9167,0.655
911,Olivier Aubin-Mercier,0.6364,0.543
912,Erik Koch,0.5385,0.460321
913,James Vick,0.6923,0.453059
914,Ray Borg,0.6364,0.59
915,Urijah Faber,0.6786,0.529
916,Liu Pingyuan,0.6667,0.453059
917,Benito Lopez,0.75,0.453059
918,Gilbert Melendez,0.7083,0.453059
919,Caludia Gadelha,0.5556,0.42
920,Allen Crowder,0.5,0.51
921,Alexander Gustafsson,0.5882,0.4
922,Jimi Manuwa,0.5455,0.68
923,Damir Hadzovic,0.5,0.503
924,Daniel Teymur,0.25,0.53
925,Rostem Akman,0.0,0.460321
926,Tonya Evinger,0.0,0.465
927,Stevie Ray,0.6,0.73
928,Nick Hein,0.5714,0.47
929,Antonio Carlos Junior,0.6364,0.453059
930,Desmond Green,0.5,0.485
931,Patrick Cummins,0.5,0.55
932,Rogerio Nogueira,0.7037,0.5
933,BJ Penn,0.4615,0.624
934,Talita Bernardo,0.3333,0.453059
935,Arjan Bhullar,0.6667,0.51
936,Mitch Gagnon,0.5714,0.461
937,John Lineker,0.8,0.453059
938,Ben Saunders,0.5,0.668
939,Sultan Aliev,0.3333,0.57
940,Magomed Mustafaev,0.75,0.57
941,Wilson Reis,0.5833,0.453059
942,Boston Salmon,0.0,0.460321
943,Curtis Millender,0.75,0.457
944,Lauren Mueller,0.3333,0.453059
945,David Branch,0.5,0.527
946,Ross Pearson,0.48,0.525
947,Ryan MacDonald,0.0,0.460321
948,Eric Shelton,0.4,0.477
949,Jack Marshman,0.4286,0.46
950,Danny Henry,0.6667,0.53
951,Tim Boetsch,0.5217,0.518
952,Anthony Rocco Martin,0.6429,0.460321
953,Liz Carmouche,0.5385,0.66
954,Michel Prazeres,0.7692,0.508
955,Renan Barao,0.5625,0.52
956,Alexandra Albu,0.6667,0.67
957,Teruto Ishihara,0.375,0.52
958,Wuliji Buren,0.0,0.460321
959,Junior Albini,0.25,0.6
960,Magomed Bibulatov,0.5,0.47
961,Gregor Gillespie,0.8571,0.555
962,Paige VanZant,0.625,0.64
963,Dennis Bermudez,0.5625,0.463
964,Kyle Stewart,0.0,0.460321
965,Chad Mendes,0.6923,0.65
966,Cat Zingano,0.5,0.83
967,Zak Ottow,0.5714,0.453059
968,Trevor Smith,0.4545,0.8
969,Adam Milstead,0.3333,0.75
970,Chris de la Rocha,0.3333,0.453059
971,Elias Theodorou,0.8,0.7
972,Chad Laprise,0.6667,0.460321
973,Mark Hunt,0.4706,0.460321
974,Suman Mokhtarian,0.0,0.556
975,Yushin Okami,0.7,0.425
976,Keita Nakamura,0.4,0.371
977,Elias Garcia,0.0,0.453059
978,Mizuto Hirota,0.1667,0.460321
979,Alex Gorgees,,0.460321
980,Darren Stewart,0.4545,0.7
981,Rick Glenn,0.6,0.47
982,Cezar Ferreira,0.6429,0.485
983,Humberto Bandenay,0.3333,0.855
984,Laureano Staropoli,0.4,0.460321
985,Devin Powell,0.3333,0.460321
986,Nad Narimani,0.6667,0.65
987,Joseph Morales,0.5,0.54
988,Jason Knight,0.5,0.66
989,Adam Wieczorek,1.0,0.46
990,Andre Soukhamthath,0.3333,0.453059
991,Alex Garcia,0.5556,0.6
992,Thibault Gouti,0.2,0.453059
993,Te Edwards,0.0,0.460321
994,Gray Maynard,0.5789,0.413
995,Ryan LaFlare,0.7778,0.458
996,Luis Henrique,0.4,0.528
997,Thales Leites,0.6,0.417
998,Aleksei Kunchenko,0.6667,0.460321
999,Khalid Murtazaliev,,0.460321
1000,Adam Yandiev,,0.460321
1001,Roberto Sanchez,0.5,0.495
1002,Jake Ellenberger,0.5,0.47
1003,John Moraga,0.6154,0.53
1004,James Krause,0.5714,0.51
1005,TJ Dillashaw,0.7647,0.460321
1006,Demetrious Johnson,0.8824,0.549
1007,Matt Sayles,0.5,0.460321
1008,Danielle Taylor,0.5,0.453059
1009,Eddie Alvarez,0.5714,0.463
1010,Jordan Mein,0.5,0.54
1011,Kajan Johnson,0.6667,0.460321
1012,Dustin Ortiz,0.6154,0.528
1013,Vitor Miranda,0.5,0.625
1014,Emil Meek,0.3333,0.453059
1015,Justin Ledet,0.5,0.49
1016,Jeremy Kimball,0.3333,0.543
1017,Damian Stasiak,0.4,0.63
1018,Sage Northcutt,0.7143,0.775
1019,Myles Jury,0.7273,0.460321
1020,Justin Scoggins,0.5,0.72
1021,Jessica Aguilar,0.25,0.573
1022,Gokhan Saki,1.0,0.6
1023,Jamie Moyle,0.5,0.6
1024,Jay Cucciniello,,0.460321
1025,John Gunther,1.0,0.460321
1026,Tyler Diamond,,0.460321
1027,Matt Bessette,0.0,0.460321
1028,Felipe Arantes,0.4545,0.61
1029,Rolando Dy,0.3333,0.453059
1030,Shinsho Anzai,0.6667,0.67
1031,Viviane Pereira,0.6667,0.453059
1032,Jenel Lausa,0.3333,0.51
1033,CM Punk,0.0,0.460321
1034,Rashad Coulter,0.0,0.49
1035,Rashad Evans,0.6364,0.392
1036,Mike Santiago,0.0,0.495
1037,Johnny Eduardo,0.4286,0.453059
1038,Jarred Brooks,0.3333,0.453059
1039,Eric Spicely,0.3333,0.77
1040,Daniel Kelly,0.6667,0.52
1041,Bradley Scott,0.4286,0.505
1042,Diego Rivas,0.6667,0.460321
1043,Henry Briones,0.25,0.5
1044,Vitor Belfort,0.6,0.532
1045,Alberto Mina,1.0,0.58
1046,Justin Willis,1.0,0.587
1047,Dhiego Lima,0.4,0.534
1048,Matthew Lopez,0.4,0.57
1049,Bec Rawlings,0.3333,0.58
1050,Tom Duquesnoy,0.5,0.73
1051,Mark Godbeer,0.6667,0.5
1052,CB Dollaway,0.5789,0.473
1053,Mike Pyle,0.5556,0.431
1054,Bryan Caraway,0.6667,0.460321
1055,Jordan Johnson,1.0,0.58
1056,Albert Morales,0.2,0.34
1057,Joshua Burkman,0.3333,0.521
1058,Oskar Piechota,0.4,0.685
1059,Damien Brown,0.4,0.6
1060,Rob Wilkinson,0.0,0.52
1061,Lyoto Machida,0.6522,0.617
1062,Tim Johnson,0.5,0.453059
1063,Alan Patrick,0.625,0.503
1064,Maia Stevenson,,0.460321
1065,Iuri Alcantara,0.5882,0.489
1066,Jordan Rinaldi,0.5,0.453059
1067,Austin Arnett,0.3333,0.460321
1068,Sabah Homasi,0.0,0.53
1069,Kalindra Faria,0.0,0.453059
1070,Mads Burnell,0.5,0.455
1071,Carls John De Tomas,0.0,0.453059
1072,Antonio Braga Neto,0.5,0.460321
1073,David Teymur,1.0,0.61
1074,Amanda Cooper,0.4,0.453059
1075,Nicco Montano,1.0,0.460321
1076,Barb Honchak,0.0,0.460321
1077,Joe Soto,0.4286,0.478
1078,Christina Marks,,0.460321
1079,Karine Gevorgyan,,0.460321
1080,Ariel Beck,,0.460321
1081,Michael Bisping,0.7143,0.421
1082,Wang Guan,,0.460321
1083,Kailin Curran,0.1667,0.57
1084,Cyril Asker,0.5,0.453059
1085,Alex Chambers,0.25,0.8
1086,Anthony Hamilton,0.3333,0.675
1087,Nate Marquardt,0.5417,0.553
1088,Johny Hendricks,0.65,0.635
1089,Hacran Dias,0.4286,0.476
1090,Marcelo Golm,0.3333,0.655
1091,Marcin Held,0.0,0.453059
1092,Artem Lobov,0.3333,0.460321
1093,Salim Touahri,0.0,0.47
1094,Pearl Gonzalez,0.0,0.453059
1095,Takanori Gomi,0.3333,0.453059
1096,Syuri Kondo,0.3333,0.565
1097,Daichi Abe,0.5,0.460321
1098,Luke Rockhold,0.7895,0.677
1099,Hector Lombard,0.2727,0.5
1100,Jason Saggo,0.6,0.52
1101,Mitch Clarke,0.3333,0.460321
1102,Francimar Barroso,0.5,0.523
1103,Bojan Mihajlovic,0.0,0.5
1104,Alvaro Herrera,0.3333,0.453059
1105,Rafael Natal,0.5625,0.494
1106,Damian Grabowski,0.0,0.453059
1107,Frankie Perez,0.3333,0.605
1108,James Mulheron,,0.460321
1109,Charlie Ward,0.0,0.460321
1110,Leslie Smith,0.5,0.465
1111,Daniel Omielanczuk,0.5,0.723
1112,Travis Browne,0.5625,0.516
1113,Josh Stansbury,0.5,0.57
1114,Dong Hyun Kim,0.7647,0.606
1115,Tarec Saffiedine,0.4,0.59
1116,Kwan Ho Kwak,0.0,0.453059
1117,Naoki Inoue,1.0,0.53
1118,Kiichi Kunimoto,0.75,0.52
1119,Erick Silva,0.5,0.65
1120,Luan Chagas,0.3333,0.467
1121,Peter Sobotta,0.4444,0.46
1122,Oliver Enkamp,0.0,0.460321
1123,Reza Madadi,0.5,1.0
1124,Nico Musoke,0.6,0.5
1125,Joachim Christensen,0.5,0.453059
1126,Hector Sandoval,0.6667,0.503
1127,Patrick Williams,0.3333,0.467
1128,Will Brooks,0.3333,0.757
1129,Brad Pickett,0.3846,0.460321
1130,Rony Jason,0.5,0.603
1131,Garreth McLellan,0.25,0.665
1132,Sam Sicilia,0.4545,0.453059
1133,Anderson Silva,0.7561,0.77
1134,Abel Trujillo,0.6,0.76
1135,Daniel Jolly,0.0,0.453059
1136,Bobby Nash,0.0,0.460321
1137,Henrique da Silva,0.4,0.607
1138,Jason Gonzalez,0.3333,0.453059
1139,Jocelyn Jones-Lybarger,0.0,0.453059
1140,Dmitrii Smoliakov,0.0,0.455
1141,Brandon Thatch,0.4,0.65
1142,Cole Miller,0.5263,0.328
1143,James Moontasri,0.4,0.52
1144,Bojan Velickovic,0.4,0.453059
1145,Tim Kennedy,0.75,0.58
1146,Valerie Letourneau,0.6,0.460321
1147,Zach Makovsky,0.5,0.455
1148,Joe Gigliotti,0.0,0.48
1149,Tiago Trator,0.6667,0.48
1150,Keith Berish,0.0,0.0
1151,Juliana Lima,0.5,0.485
1152,Elvis Mutapcic,0.0,0.453059
1153,Kyle Noke,0.5455,0.633
1154,Yusuke Kasuya,0.0,0.453059
1155,Seohee Ham,0.3333,0.52
1156,Richard Walsh,0.4,0.58
1157,Ben Nguyen,0.6667,0.53
1158,Yao Zhikui,0.3333,0.460321
1159,Ryan Bader,0.7368,0.423
1160,Gegard Mousasi,0.7273,0.53
1161,Magnus Cedenblad,0.8,0.78
1162,Kyoji Horiguchi,0.8571,0.6
1163,Anna Elmose,0.0,0.6
1164,Erik Perez,0.75,0.75
1165,Marco Beltran,0.75,0.5
1166,Erick Montano,0.5,0.465
1167,Polo Reyes,0.8,0.453059
1168,Lukasz Sajewski,0.0,0.453059
1169,Jonathan Wilson,0.3333,0.59
1170,Cody East,0.0,0.453059
1171,Kelly Faszholz,0.0,0.52
1172,Roy Nelson,0.5,0.418
1173,Godofredo Pepey,0.5,0.460321
1174,Glaico Franca,0.5,0.74
1175,Roan Carneiro,0.5,0.552
1176,Chris Wade,0.6667,0.460321
1177,Augusto Montano,0.5,0.57
1178,Jessin Ayari,0.3333,0.460321
1179,Scott Askham,0.4,0.82
1180,Shane Campbell,0.25,0.575
1181,Jeremy Kennedy,1.0,0.5
1182,Anthony Johnson,0.7222,0.506
1183,Rick Story,0.6667,0.427
1184,Hyun Gyu Lim,0.5,0.5
1185,Alberto Uda,0.0,0.55
1186,Viktor Pesta,0.25,0.5
1187,Francisco Rivera,0.4,0.57
1188,Cesar Arzamendia,0.0,0.460321
1189,Jim Alers,0.3333,0.453059
1190,Michael McDonald,0.75,0.48
1191,Cain Velasquez,0.8571,0.648
1192,Cory Hendricks,,0.460321
1193,Anthony Birchak,0.4,0.460321
1194,Russell Doane,0.4286,0.5
1195,Rory MacDonald,0.75,0.523
1196,Steve Bosse,0.5,0.453059
1197,Tamdan McCrory,0.5,0.524
1198,Chris Beal,0.5,0.460321
1199,Ali Bagautinov,0.6667,0.55
1200,Dan Henderson,0.5294,0.513
1201,Chris Camozzi,0.5,0.56
1202,Antonio Silva,0.3,0.625
1203,Albert Tumenov,0.7143,0.453059
1204,Jon Tuck,0.5,0.453059
1205,Yan Cabral,0.5,0.56
1206,Ulka Sasaki,0.5,0.62
1207,Efrain Escudero,0.4545,0.471
1208,Oluwale Bamgbose,0.25,0.58
1209,Igor Pokrajac,0.3333,0.497
1210,Ian Entwistle,0.5,0.453059
1211,Filip Pejic,,0.460321
1212,Rob Whiteford,0.5,0.53
1213,James Te Huna,0.5556,0.71
1214,Brendan O'Reilly,0.3333,0.453059
1215,Mike Wilkinson,0.6667,0.665
1216,Norman Parke,0.625,0.475
1217,Teemu Packalen,0.3333,0.57
1218,Daniel Sarafian,0.4,0.63
1219,Jonavin Webb,0.0,0.453059
1220,Noad Lahat,0.6667,0.5
1221,Josh Barnett,0.6667,0.649
1222,George Sullivan,0.5,0.51
1223,Matt Dwyer,0.3333,0.453059
1224,Patrick Cote,0.5,0.462
1225,Maximo Blanco,0.5,0.474
1226,Lorenz Larkin,0.4444,0.467
1227,Diego Brandao,0.6667,0.49
1228,Sheldon Westcott,0.0,0.460321
1229,Sarah Kaufman,0.3333,0.48
1230,Josh Samman,0.75,0.58
1231,Hayder Hassan,0.0,0.453059
1232,Joe Proctor,0.5714,0.460321
1233,Tatsuya Kawajiri,0.6,0.88
1234,Gabriel Gonzaga,0.5714,0.573
1235,Joby Sanchez,0.25,0.453059
1236,Benson Henderson,0.7692,0.474
1237,Yoshihiro Akiyama,0.3333,0.37
1238,Dongi Yang,0.25,0.66
1239,Yui Chul Nam,0.5,0.59
1240,Tae Hyun Bang,0.5,0.453059
1241,Ning Guangyou,0.6667,0.460321
1242,Dominique Steele,0.25,1.0
1243,Horacio Gutierrez,0.0,0.460321
1244,Hector Urbina,0.5,0.57
1245,Vernon Ramos,,0.460321
1246,Valmir Lazaro,0.5,0.453059
1247,Ronda Rousey,0.8571,0.65
1248,Anthony Perosh,0.4545,0.465
1249,Richie Vaculik,0.3333,0.460321
1250,Fabio Maldonado,0.5,0.72
1251,Gleison Tibau,0.5926,0.365
1252,Kevin Souza,1.0,0.517
1253,Viscardi Andrade,0.6667,0.66
1254,Bruno Korea,,0.460321
1255,Paddy Holohan,0.75,0.49
1256,Neil Seery,0.5,0.453059
1257,Aisling Daly,0.5,0.61
1258,Cathal Pendred,0.8,0.460321
1259,Bubba Bush,0.0,0.5
1260,Shawn Jordan,0.6667,0.56
1261,Adriano Martins,0.6667,0.72
1262,Francisco Trevino,0.5,0.453059
1263,Chris Cariaso,0.5833,0.524
1264,Takeya Mizugaki,0.6154,0.460321
1265,Katsunori Kikuno,0.5,0.485
1266,Naoyuki Kotani,0.0,0.35
1267,Clay Collard,0.3333,0.453059
1268,Joe Riggs,0.4545,0.465
1269,Sam Stout,0.4737,0.296
1270,Yves Jabouin,0.5556,0.465
1271,Chris Kelades,0.6667,0.58
1272,Jared Rosholt,0.8571,0.575
1273,Chris Dempsey,0.3333,0.453059
1274,Anthony Christodoulou,0.0,0.453059
1275,Reginaldo Vieira,0.5,0.56
1276,Rafael Feijao,0.25,0.575
1277,Hugo Viana,0.6,0.51
1278,Kenny Robertson,0.5,0.568
1279,Daron Cruickshank,0.5,0.565
1280,Ramsey Nijem,0.5556,0.485
1281,Jessamyn Duke,0.3333,0.66
1282,Mickael Lebout,0.5,0.46
1283,Marcus Brimage,0.5714,0.460321
1284,Frank Mir,0.6154,0.52
1285,Josh Thomson,0.5,0.593
1286,Scott Jorgensen,0.3636,0.53
1287,Igor Araujo,0.6667,0.453059
1288,Kevin Casey,0.1667,0.73
1289,Andrew Craig,0.5,0.518
1290,Michael Graves,1.0,0.6
1291,Angela Magana,0.0,0.453059
1292,Dan Miller,0.5,0.346
1293,Darrell Montague,0.0,0.453059
1294,Mike Swick,0.7143,0.45
1295,Yosdenis Cedeno,0.3333,0.46
1296,Leandro Silva,0.4286,0.61
1297,Steve Montgomery,0.0,0.460321
1298,Danny Martinez,0.0,0.453059
1299,Dennis Siver,0.55,0.343
1300,Alan Omer,0.0,0.57
1301,Niklas Backstrom,0.5,0.495
1302,Piotr Hallmann,0.4,0.48
1303,Thiago Tavares,0.5882,0.458
1304,Brian Ebersole,0.7143,0.655
1305,Ricardo Abreu,1.0,0.460321
1306,KJ Noons,0.4,0.462
1307,Wendell Oliveira,0.0,0.453059
1308,Lucas Martins,0.5,0.453059
1309,Luiz Dutra,0.0,0.55
1310,Mark Munoz,0.5714,0.483
1311,Phillipe Nover,0.1667,0.38
1312,Mark Eddiva,0.3333,0.55
1313,Zhang Lipeng,0.6667,0.49
1314,Roldan Sangcha-an,0.0,0.453059
1315,Nolan Ticman,0.0,0.47
1316,Hatsu Hioki,0.4286,0.54
1317,Dylan Andrews,0.5,0.83
1318,Vik Grujic,0.3333,0.497
1319,Alptekin Ozkilic,0.3333,0.453059
1320,Rampage Jackson,0.5833,0.552
1321,Jessica Rakoczy,0.0,0.8
1322,Eddie Gordon,0.3333,0.525
1323,Pawel Pawlak,0.5,0.453059
1324,Seth Baczynski,0.5,0.5
1325,Izabela Badurek,,0.460321
1326,Marcin Bandel,0.0,0.453059
1327,Ron Stallings,0.5,0.57
1328,Leonardo Mafra,0.3333,0.48
1329,Jorge de Oliveira,0.0,0.453059
1330,Bentley Syler,,0.460321
1331,Jake Lindsey,0.0,0.65
1332,Larissa Pacheco,0.0,0.46
1333,Masio Fullen,0.5,0.65
1334,William Patolino,0.3333,0.62
1335,Ivan Jorge,0.6667,0.73
1336,Ian McCall,0.4,0.425
1337,Richardson Moreira,0.0,0.75
1338,Phil Davis,0.75,0.623
1339,Akira Corassani,0.6,0.515
1340,Andy Ogle,0.2,0.49
1341,John Howard,0.5385,0.6
1342,Johnny Case,0.8,0.453059
1343,Matt Van Buren,0.0,0.453059
1344,Tateki Matsuda,0.0,0.453059
1345,Danny Castillo,0.5385,0.633
1346,Alexis Dufresne,0.0,0.453059
1347,Elias Silverio,0.75,0.59
1348,Tom Niinimaki,0.3333,0.625
1349,Leandro Issa,0.5,0.460321
1350,Marcio Alexandre Junior,0.0,0.460321
1351,Jamie Varner,0.375,0.43
1352,Joe Ellenberger,1.0,0.59
1353,David Michaud,0.5,0.460321
1354,Emily Peters Kagan,0.0,0.460321
1355,Todd Duffee,0.75,0.8
1356,Ruslan Magomedov,1.0,0.453059
1357,Luke Barnatt,0.6,0.48
1358,Yves Edwards,0.5,0.533
1359,Juan Puig,0.0,0.453059
1360,Edgar Garcia,0.0,0.407
1361,Caio Magalhaes,0.6667,0.508
1362,Wagner Silva,0.0,0.453059
1363,Soa Palelei,0.6667,0.703
1364,Luke Zachrich,0.5,0.453059
1365,Jumabieke Tuerxun,0.0,0.460321
1366,Fabricio Camoes,0.2,0.51
1367,Tor Troeng,0.3333,0.543
1368,Manvel Gamburyan,0.4286,0.435
1369,Michinori Tanaka,0.5,0.56
1370,Kazuki Tokudome,0.3333,0.453059
1371,Paulo Thiago,0.4167,0.402
1372,Matt Mitrione,0.6923,0.595
1373,Sean Soriano,0.0,0.73
1374,Ruan Potts,0.0,0.453059
1375,Francis Carmont,0.75,0.805
1376,Sai Wang,0.0,0.460321
1377,Roland Delorme,0.5,0.67
1378,An Ying Wang,1.0,0.453059
1379,Elizabeth Phillips,0.3333,0.453059
1380,Tom Watson,0.3333,0.525
1381,Kyle Kingsbury,0.5,0.47
1382,Hernani Perpetuo,0.0,0.453059
1383,Akbarh Arreola,0.3333,0.460321
1384,Andreas Stahl,0.0,0.460321
1385,Steven Siler,0.625,0.55
1386,Cody Donovan,0.3333,0.7
1387,Justin Salas,0.5,0.535
1388,Jesse Ronson,0.0,0.52
1389,Patrick Walsh,1.0,0.460321
1390,George Roop,0.4167,0.37
1391,Clint Hester,0.6667,0.46
1392,Colton Smith,0.3333,0.83
1393,Johnny Bedford,0.4,0.58
1394,Marcelo Guimaraes,0.6667,0.64
1395,Chris Indich,0.0,0.453059
1396,Yaotzin Meza,0.3333,0.453059
1397,Bobby Voelker,0.0,0.47
1398,Rodrigo Damm,0.5,0.52
1399,Vaughan Lee,0.4286,0.537
1400,Chris Holdsworth,1.0,0.460321
1401,Anthony Njokuani,0.4286,0.46
1402,Costas Philippou,0.6667,0.5
1403,Anthony Lapsley,0.0,0.453059
1404,Estevan Payan,0.0,0.453059
1405,Ryan Jimmo,0.5,1.0
1406,Mark Bocek,0.5833,0.417
1407,Minotauro Nogueira,0.5,0.389
1408,Ronny Markes,0.75,0.76
1409,Thiago Perpetuo,0.5,0.72
1410,Jake Shields,0.5714,0.54
1411,Sean Spencer,0.4286,0.453059
1412,Renee Forte,0.3333,0.453059
1413,Will Campuzano,0.0,0.460321
1414,Bubba McDaniel,0.5,0.64
1415,Cyrille Diabate,0.5714,0.8
1416,Nam Phan,0.2857,0.460321
1417,Albert Cheng,,0.460321
1418,Cody Gibson,0.2857,0.460321
1419,Rafaello Oliveira,0.2857,0.381
1420,Ernest Chavez,0.5,0.460321
1421,Cristiano Marcello,0.3333,0.460321
1422,Ildemar Alcantara,0.6667,0.463
1423,Nick Catone,0.4286,0.538
1424,Junior Hernandez,0.0,0.453059
1425,Isaac Vallie-Flagg,0.3333,0.453059
1426,Charlie Brenneman,0.4,0.62
1427,Royston Wee,1.0,0.66
1428,Dustin Kimura,0.5,0.453059
1429,Chris Leben,0.5714,0.463
1430,Robert Peralta,0.5714,0.485
1431,Darren Uyenoyama,0.6667,0.83
1432,Pat Barry,0.4545,0.565
1433,Julie Kedzie,0.0,0.460321
1434,Nick Ring,0.6,0.460321
1435,Bruno Santos,0.5,0.5
1436,Ben Wall,0.0,0.460321
1437,Joshua Sampo,0.3333,0.460321
1438,Georges St-Pierre,0.9048,0.588
1439,Josh Koscheck,0.625,0.416
1440,Jason High,0.5,0.453059
1441,Jose Maria,0.0,0.52
1442,Alessio Sakara,0.4286,0.469
1443,Phil Harris,0.25,0.453059
1444,Rosi Sexton,0.0,0.55
1445,Jimy Hettes,0.6,0.618
1446,George Sotiropoulos,0.7,0.434
1447,TJ Waldburger,0.5714,0.633
1448,Jeremy Larsen,0.0,0.46
1449,Dustin Pague,0.2,0.566
1450,Thiago Silva,0.5455,0.573
1451,Rousimar Palhares,0.6364,0.363
1452,Iliarde Santos,0.0,0.453059
1453,Brendan Schaub,0.6,0.59
1454,Pat Healy,0.0,0.525
1455,Mike Ricci,0.5,0.6
1456,Ivan Menjivar,0.5,0.5
1457,Chris Clements,0.5,0.59
1458,Nandor Guelmino,,0.460321
1459,Marcos Vinicius,0.5,0.48
1460,Joao Zeferino,0.0,0.453059
1461,Keith Wisniewski,0.0,0.48
1462,Yuri Villefort,0.0,0.453059
1463,Louis Gaudinot,0.25,0.460321
1464,Pascal Krauss,0.6667,0.51
1465,Chico Camus,0.4286,0.71
1466,Ryan Couture,0.0,0.460321
1467,Jared Hamman,0.3333,0.415
1468,Justin Edwards,0.3333,0.575
1469,James Head,0.5,0.53
1470,Mike Brown,0.4,0.86
1471,Vinny Magalhaes,0.25,0.4
1472,Ednaldo Oliveira,0.0,0.453059
1473,Mac Danzig,0.4167,0.498
1474,Aaron Riley,0.375,0.39
1475,John Albert,0.25,0.61
1476,Mike Pierce,0.6923,0.496
1477,Sean Pierson,0.6,0.453059
1478,Brian Bowles,0.6667,0.460321
1479,Leonard Garcia,0.25,0.493
1480,Clifford Starks,0.5,0.453059
1481,Bristol Marunde,0.0,0.460321
1482,Justin Lawrence,0.5,0.460321
1483,Chris Spang,,0.460321
1484,Benny Alloway,0.5,0.61
1485,Michael Kuiper,0.3333,0.53
1486,Papy Abedi,0.3333,0.543
1487,Antonio Carvalho,0.6667,0.453059
1488,Wanderlei Silva,0.3636,0.41
1489,Riki Fukuda,0.5,0.453059
1490,Jon Manley,,0.460321
1491,Nah-Shon Burrell,1.0,0.56
1492,Terry Etim,0.6,0.471
1493,Paul Sass,0.75,0.5
1494,Jon Fitch,0.8235,0.52
1495,Jacob Volkmann,0.6667,0.4
1496,Edwin Figueroa,0.4,0.515
1497,TJ Grant,0.7,0.56
1498,Mike Stumpf,0.0,0.453059
1499,Mike Russow,0.8,0.58
1500,Simeon Thoresen,0.5,0.55
1501,Diego Nunes,0.6,0.58
1502,Wagner Prado,0.0,0.15
1503,Melvin Guillard,0.5714,0.416
1504,Philip De Fries,0.5,0.6
1505,Reuben Duran,0.3333,0.525
1506,Mike Rio,0.3333,0.463
1507,Jared Papazian,0.0,0.453059
1508,Colin Fletcher,0.0,0.460321
1509,Brendan Loughnane,,0.460321
1510,Nick Penner,0.0,0.453059
1511,Marcus LeVesseur,0.5,0.59
1512,Mark Hominick,0.5,0.4
1513,Matthew Riddle,0.6,0.638
1514,Rich Franklin,0.7368,0.469
1515,Tiequan Zhang,0.3333,0.460321
1516,Yasuhiro Urushitani,0.0,0.453059
1517,Luiz Cane,0.5,0.42
1518,Josh Neer,0.4286,0.396
1519,Aaron Simpson,0.7,0.55
1520,Bart Palaszewski,0.3333,0.453059
1521,Dan Hardy,0.5556,0.413
1522,John Hathaway,0.875,0.47
1523,Che Mills,0.5,0.68
1524,DaMarques Johnson,0.4444,0.44
1525,Jason Young,0.3333,0.453059
1526,Matt Hamill,0.7143,0.426
1527,Ken Stone,0.6667,0.507
1528,Josh Grispi,0.0,0.453059
1529,Cheick Kongo,0.6471,0.604
1530,Karlos Vemola,0.4,0.453059
1531,Damacio Page,0.0,0.453059
1532,Forrest Griffin,0.6429,0.381
1533,Cung Le,0.6667,0.457
1534,John Alessio,0.0,0.328
1535,Anistavio Medeiros,,0.460321
1536,Delson Heleno,,0.460321
1537,John Teixeira,,0.460321
1538,Buddy Roberts,1.0,0.460321
1539,Henry Martinez,0.5,0.453059
1540,Jake Hecht,0.5,0.7
1541,Jonathan Brookins,0.5,0.497
1542,Jason Miller,0.0,0.39
1543,Amir Sadollah,0.6,0.438
1544,Jason MacDonald,0.4615,0.608
1545,Cody McKenzie,0.5,0.460321
1546,Jeff Curran,0.0,0.6
1547,Alex Soto,0.0,0.75
1548,Mike Massenzio,0.3333,0.37
1549,Miguel Torres,0.6667,0.473
1550,Brian Stann,0.6,0.436
1551,Mackens Semerzier,0.5,0.72
1552,Oli Thompson,0.0,0.460321
1553,Norifumi Yamamoto,0.0,0.460321
1554,Anton Kuivanen,0.5,0.460321
1555,Dan Stittgen,0.0,0.460321
1556,Chael Sonnen,0.5385,0.495
1557,Joey Beltran,0.3333,0.52
1558,Duane Ludwig,0.5,0.577
1559,Mike Easton,0.5,0.460321
1560,Jorge Rivera,0.5,0.532
1561,Kamal Shalorus,0.0,0.453059
1562,Joseph Sandoval,0.0,0.453059
1563,Ricardo Funch,0.0,0.805
1564,Brock Lesnar,0.6667,0.793
1565,Vladimir Matyushenko,0.6364,0.51
1566,Tito Ortiz,0.5769,0.55
1567,Claude Patrick,1.0,0.72
1568,Krzysztof Soszynski,0.75,0.386
1569,Walel Watson,0.3333,0.460321
1570,Rich Attonito,0.75,0.453059
1571,Stephan Bonnar,0.5714,0.414
1572,Tom Lawlor,0.6,0.426
1573,Aaron Rosa,0.5,0.495
1574,John Maguire,0.5,0.78
1575,Rob Broughton,0.5,0.67
1576,Michihiro Omigawa,0.1667,0.425
1577,Chris Cope,0.5,0.453059
1578,Mirko Cro Cop,0.4,0.44
1579,Tyson Griffin,0.6154,0.387
1580,Brandon Vera,0.5333,0.573
1581,Steve Cantwell,0.2,0.363
1582,Shane Roller,0.4,0.453059
1583,Matt Hughes,0.75,0.552
1584,Junior Assuncao,0.5,0.488
1585,Alan Belcher,0.6429,0.426
1586,Clay Harvison,0.5,0.52
1587,Dennis Hallman,0.375,0.346
1588,Jeff Hougland,0.5,0.52
1589,Christian Morecraft,0.3333,0.5
1590,Joe Stevenson,0.5333,0.51
1591,Daniel Roberts,0.5,0.453059
1592,Shane Carwin,0.8,0.52
1593,Kenny Florian,0.75,0.491
1594,Dave Herman,0.25,0.625
1595,Vagner Rocha,0.3333,0.460321
1596,Jesse Bongfeldt,0.0,0.65
1597,Chuck O'Neil,,0.460321
1598,Danny Downes,0.0,0.460321
1599,Ryan McGillivray,,0.460321
1600,Kendall Grove,0.5833,0.434
1601,Cole Escovedo,0.0,0.5
1602,Jon Madsen,1.0,0.463
1603,Sean McCorkle,0.5,0.453059
1604,Mario Miranda,0.3333,0.53
1605,Waylon Lowe,0.6667,0.453059
1606,Ricardo Almeida,0.6,0.59
1607,Kurt Pellegrino,0.6364,0.484
1608,Rob Kimmons,0.5,0.447
1609,Tom Blackledge,,0.460321
1610,Maciej Jewtuszko,,0.460321
1611,Paul Taylor,0.375,0.46
1612,Phil Baroni,0.3333,0.516
1613,Joe Doerksen,0.25,0.583
1614,Pat Audinwood,0.0,0.453059
1615,Ian Loveland,0.5,0.460321
1616,Sako Chivitchian,,0.460321
1617,Fredson Paixao,,0.460321
1618,Gerald Harris,1.0,0.35
1619,Karo Parisyan,0.6667,0.408
1620,Mike Lullo,0.0,0.460321
1621,Paul Kelly,0.625,0.368
1622,Seth Petruzelli,0.0,0.39
1623,Kris McCray,0.0,0.453059
1624,Mike Guymon,0.3333,0.535
1625,James Wilks,0.6667,0.467
1626,Spencer Fisher,0.5625,0.484
1627,James McSweeney,0.5,0.61
1628,Matt Serra,0.5385,0.369
1629,Sean Sherk,0.6364,0.478
1630,Steve Lopez,0.0,0.12
1631,Tomasz Drwal,0.6,0.455
1632,Brian Foster,0.5,0.35
1633,Randy Couture,0.6957,0.623
1634,Andre Winner,0.4,0.515
1635,Nick Osipczak,0.5,0.53
1636,Dustin Hazelett,0.5556,0.413
1637,Rodney Wallace,0.0,0.465
1638,Todd Brown,0.0,0.460321
1639,James Irvin,0.4444,0.555
1640,Chris Lytle,0.4737,0.442
1641,Forrest Petz,0.3333,0.324
1642,Keith Jardine,0.5,0.379
1643,Jamie Yager,,0.460321
1644,John Gunderson,0.5,0.275
1645,Josh Bryant,,0.460321
1646,Chuck Liddell,0.7273,0.403
1647,David Loiseau,0.5,0.475
1648,Jason Brilz,0.5,0.537
1649,Jesse Forbes,0.0,0.31
1650,Kevin Ferguson,1.0,0.4
1651,Marcus Davis,0.6429,0.508
1652,Yoshiyuki Yoshida,0.5,0.335
1653,Nate Quarry,0.7778,0.389
1654,Rob Emerson,0.5,0.427
1655,Caol Uno,0.3333,0.494
1656,Eliot Marshall,0.6,0.343
1657,Eric Schafer,0.375,0.588
1658,Kai Asakura,,0.0
1659,Lukasz Brzeski,0.3333,0.5
1660,Gabriella Fernandes,0.3333,0.49
1661,Ozzy Diaz,0.0,0.43
1662,SuYoung You,1.0,0.42
1663,DongHun Choi,1.0,0.66
1664,Feng Xiaocan,1.0,0.5
1665,Jose Ochoa,,0.31
1666,Quang Le,0.0,0.35
1667,Roberto Romero,,0.47
1668,Carlos Prates,1.0,0.57
1669,Reinier de Ridder,,0.57
1670,Cortavious Romious,0.5,0.37
1671,Zachary Scroggin,,0.37
1672,Antonio Trocoli,0.0,0.51
1673,Klaudia Sygula,,0.37
1674,Brendson Ribeiro,0.3333,0.46
1675,Garrett Armfield,0.5,0.55
1676,Aleksandar Rakic,0.6667,0.567
1677,Rafael Cerqueira,,0.1
1678,Myktybek Orolbai,1.0,0.52
1679,Victor Hugo,1.0,0.51
1680,Carlos Leal,,0.43
1681,Sumudaerji,0.5,0.54
1682,Cameron Smotherman,0.0,0.37
1683,Jean Matsumoto,1.0,0.4
1684,Alice Ardelean,0.0,0.45
1685,Ramazan Temirov,,0.41
1686,Sean Sharaf,,0.44
1687,Cody Haddon,1.0,0.51
1688,Lucas Rocha,1.0,0.44
1689,Kayla Harrison,1.0,0.71
1690,Ihor Potieria,0.4286,0.5
1691,Tecia Pennington,0.5625,0.47
1692,Gabriel Miranda,0.5,0.51
1693,Ivan Erslan,,0.56
1694,Daria Zhelezniakova,1.0,0.38
1695,Ketlen Souza,0.5,0.68
1696,Yanal Ashmouz,0.5,0.5
1697,Chris Padilla,1.0,0.61
1698,Brendon Marotte,0.0,0.5
1699,Andre Lima,1.0,0.56
1700,Gabriel Santos,0.0,0.59
1701,Nathan Fletcher,,0.7
1702,Ryan Loder,,0.8
1703,Mairon Santos,,0.46
1704,Jose Daniel Medina,0.0,0.33
1705,Chepe Mariscal,1.0,0.57
1706,Nikolay Veretennikov,0.0,0.59
1707,Chelsea Chandler,0.6667,0.45
1708,Talita Alencar,1.0,0.28
1709,Jordan Vucenic,,0.4
1710,Sam Hughes,0.375,0.54
1711,Rolando Bedoya,0.0,0.49
1712,Caolan Loughran,0.5,0.43
1713,Kiefer Crosbie,0.0,0.64
1714,Kaynan Kruschewsky,0.5,0.5
1715,Hyder Amil,1.0,0.57
1716,Jean Silva,1.0,0.52
1717,Fatima Kline,,0.48
1718,Darrius Flowers,0.3333,0.49
1719,Michael Page,1.0,0.65
1720,Yanis Ghemmouri,0.0,0.38
1721,Felipe Lima,,0.52
1722,Muin Gafurov,0.0,0.47
1723,ChangHo Lee,1.0,0.7
1724,Lucas Almeida,0.25,0.43
1725,Jose Johnson,0.5,0.57
1726,Adam Fugitt,0.3333,0.45
1727,Jesse Butler,0.0,0.34
1728,Daniel Marcos,1.0,0.52
1729,Puja Tomar,,0.47
1730,Vinicius Salvador,0.3333,0.43
1731,Tuco Tokkos,0.0,0.43
1732,Melissa Gatto,0.5,0.57
1733,Trey Waters,0.5,0.44
1734,Ernesta Kareckaite,1.0,0.42
1735,Kevin Borjas,0.5,0.4
1736,Bogdan Guskov,0.5,0.48
1737,Michal Figlak,0.0,0.39
1738,Charlie Campbell,0.5,0.54
1739,Rhys McKee,0.0,0.45
1740,Connor Matthews,0.5,0.44
1741,Anton Turkalj,0.25,0.42
1742,Luis Pajuelo,1.0,0.57
1743,Steven Nguyen,0.6667,0.4
1744,Danny Silva,1.0,0.58
1745,Mitch Ramirez,0.0,0.42
1746,Bekzat Almakhan,,0.18
1747,Benardo Sopaj,,0.52
1748,AJ Cunningham,0.0,0.29
1749,Francisco Prado,0.5,0.41
1750,Mateus Mendonca,0.3333,0.4
1751,Denys Bondar,0.0,0.5
1752,Carlos Vera,,0.48
1753,Val Woodburn,0.0,0.35
1754,Pete Rodriguez,0.5,0.46
1755,Blake Bilder,0.6667,0.48
1756,MarQuel Mederos,1.0,0.45
1757,Jamal Pogues,0.75,0.44
1758,Ramon Taveras,0.5,0.45
1759,Felipe Bunes,,0.54
1760,Nick Aguirre,0.0,0.33
1761,Lucas Alexander,0.5,0.55
1762,Rafael Estevam,1.0,0.64
1763,Montserrat Conejo Ruiz,0.3333,0.27
1764,Anshul Jubli,1.0,0.46
1765,Ravena Oliveira,,0.48
1766,Hannah Goldy,0.4,0.47
1767,Terrence Mitchell,0.0,0.34
1768,Manolo Zecchini,,0.21
1769,Taila Santos,0.6667,0.51
1770,Jonny Parsons,1.0,0.44
1771,Genaro Valdez,0.3333,0.3
1772,Carl Deaton,0.0,0.31
1773,Maxim Grishin,0.5,0.56
1774,Nick Fiore,0.0,0.46
1775,Nurullo Aliev,1.0,0.51
1776,Khusein Askhabov,,0.26
1777,Juancamilo Ronderos,0.0,0.34
1778,Don Shainis,0.0,0.5
1779,Saidyokub Kakhramonov,1.0,0.55
1780,Jay Perrin,0.0,0.46
1781,Steven Koslow,,0.37
1782,Kevin Natividad,0.0,0.34
1783,Shanna Young,0.25,0.6
1784,Carlos Mota,,0.41
1785,Joshua Weems,0.0,0.64
1786,Gadzhi Omargadzhiev,0.5,0.39
1787,Cameron VanCamp,0.0,0.47
1788,Danyelle Wolf,1.0,0.25
1789,Harry Hunsucker,0.0,0.52
1790,Charlie Ontiveros,0.0,0.41
1791,Tony Kelley,0.6667,0.5
1792,Danny Chavez,0.5,0.39
1793,Zarrukh Adashev,0.3333,0.4
1794,Askar Mozharov,,0.18
1795,Alex Da Silva,0.3333,0.46
1796,Felipe Colares,0.4,0.51
1797,Tristan Connelly,0.5,0.51
1798,Sergey Khandozhko,0.5,0.42
1799,Cameron Else,0.0,0.4
1800,TJ Laramie,0.5,0.59
1801,Brandon Jenkins,0.0,0.41
1802,Kevin Croom,0.0,0.36
1803,Bruno Souza,0.0,0.39
1804,Micheal Gillmore,0.0,0.59
1805,Mark Striegl,0.0,0.45
1806,Jesse Strader,0.0,0.56
1807,Fabio Cherant,0.0,0.47
1808,Danilo Marques,0.6667,0.88
1809,Leah Letson,1.0,0.41
1810,John Allan,0.0,0.48
1811,Zviad Lazishvili,,0.39
1812,Gaetano Pirrello,0.0,0.55
1813,Martin Sano,,0.33
1814,Sarah Alpar,0.5,0.61
1815,Drako Rodriguez,0.5,0.36
1816,Anderson Dos Santos,0.3333,0.26
1817,Jamey Simmons,0.0,0.21
1818,Montserrat Conejo,1.0,0.37
1819,Jerome Rivera,0.25,0.45
1820,Justin Jaynes,0.25,0.53
1821,Roque Martinez,0.0,0.53
1822,Lara Procopio,0.5,0.58
1823,Victor Rodriguez,0.0,0.37
1824,KB Bhullar,0.0,0.49
1825,Stefan Sekulic,0.0,0.5
1826,Jarjis Danho,0.0,0.5
1827,Ray Rodriguez,0.0,0.32
1828,Philip Rowe,1.0,0.67
1829,Peter Barrett,0.3333,0.72
1830,Rachael Ostovich,0.3333,0.453059
1831,Eduardo Garagorri,0.5,0.54
1832,Phillip Hawes,0.5,0.46
1833,Liliya Shakirova,,0.0
1834,Jeff Hughes,0.0,0.51
1835,Austin Springer,,0.63
1836,Mizuki Inoue,1.0,0.45
1837,Alex Munoz,,0.63
1838,Ali Qaisi,,0.0
1839,Raphael Pessoa,0.5,0.25
1840,Chris Fishgold,0.3333,0.453059
1841,Roman Bogatov,,0.0
1842,Zhalgas Zhamagulov,,0.0
1843,Brianna Van Buren,1.0,0.38
1844,Max Rohskopf,,0.0
1845,Klidson Abreu,0.3333,0.39
1846,Saparbeg Safarov,0.3333,0.48
1847,Joshua Culibao,,0.0
1848,Kalinn Williams,,0.0
1849,Youssef Zalel,,0.0
1850,Luci Pudilova,0.3333,0.38
1851,Ode Obsourne,,0.47
1852,Omar Antonio Morales Ferrer,,0.667
1853,Isabela De Pauda,,0.35
1854,Rocco Martin,0.6154,0.36
1855,Chance Rencountre,0.6667,0.453059
1856,Ben Askren,0.5,0.49
1857,Thomas Gifford,0.0,0.37
1858,Hector Aldana,0.0,0.453059
1859,Danilo Belluardo,0.0,0.61
1860,Nohelin Hernandez,0.0,0.34
1861,Carlos Huachin,0.0,0.21
1862,Marcos Mariano,0.0,0.27
1863,Derrick,0.0,0.37
1864,Jodie Esquibel,0.0,0.453059
1865,Bobby Moffett,0.5,0.453059
1866,Krzystof Jotko,0.6364,0.44
1867,Yoshinori Horie,,0.49
1868,Sarah Frota,0.0,0.52
1869,Jin Soo Son,0.0,0.453059
1870,Sheymon Moraes,0.5,0.58
1871,Dan Moret,0.0,0.453059
1872,Nina Ansaroff,0.6667,0.53
1873,Sung Bin Jo,,0.33
1874,Duda Santana,,0.39
1875,Derrick Krantz,,0.37
1876,Jesus Pinedo,1.0,0.42
1877,Carlo Pedersoli,0.5,0.453059
1878,Justin Frazier,,0.66
1879,Michel Batista,,0.0
1880,Darrell Horcher,0.3333,0.453059
1881,Ricky Rainey,0.0,0.453059
1882,Terrion Ware,0.0,0.453059
1883,Craig White,0.0,0.453059
1884,Tim Williams,0.0,0.453059
1885,Jose Torres,1.0,0.453059
1886,Joe Giannetti,,0.453059
1887,Richie Smullen,,0.453059
1888,Allan Zuniga,,0.453059
1889,Melinda Fabian,0.0,0.41
1890,Felipe Silva,0.5,0.453059
1891,James Bochnovic,0.0,0.453059
1892,Dmitry Sosnovskiy,,0.453059
1893,Brian Camozzi,0.0,0.453059
1894,Galore Bofando,1.0,0.453059
1895,Ryan Janes,0.3333,0.453059
1896,Bharat Kandare,,0.453059
1897,Ashkan Mokhtarian,0.0,0.52
1898,Michel Quinones,0.0,0.453059
1899,Marcel Fortuna,0.5,0.505
1900,Christian Colombo,0.0,0.47
1901,Chanmi Jeon,0.0,0.453059
1902,Zu Anyanwu,,0.453059
1903,Abdul-Kerim Edilov,,0.453059
1904,Andrew Holbrook,0.5,0.585
1905,Jesse Taylor,0.0,0.3
1906,Nick Roehrick,,0.453059
1907,Tom Gallicchio,,0.453059
1908,Jimmy Wallhead,0.0,0.453059
1909,Alex Nicholson,0.3333,0.453059
1910,Michael McBride,0.0,0.51
1911,Cindy Dandois,,0.453059
1912,Rashid Magomedov,0.8,0.63
1913,Augusto Mendes,0.5,0.453059
1914,Nathan Coy,0.5,0.453059
1915,Mike de la Torre,0.3333,0.463
1916,Alessandro Ricci,0.0,0.46
1917,JC Cottrell,0.0,0.453059
1918,Fredy Serrano,0.6667,0.453059
1919,Sean O'Connell,0.3333,0.6
1920,Jonathan Meunier,0.0,0.69
1921,Geane Herrera,0.3333,0.53
1922,Milana Dudieva,0.5,0.453059
1923,Heather Jo Clark,0.5,0.56
1924,Jason Novelli,0.0,0.453059
1925,Chris Avila,0.0,0.453059
1926,Leonardo Augusto Leleco,0.0,0.59
1927,Joey Gomez,0.0,0.453059
1928,Cristina Stanciu,0.0,0.51
1929,Cody Pfister,0.3333,0.453059
1930,Enrique Marin,0.0,0.453059
1931,Fernando Bruno,0.0,0.62
1932,Anton Zafir,0.0,0.68
1933,Mehdi Baghdad,0.0,0.453059
1934,Dileno Lopes,0.0,0.453059
1935,Jerrod Sanders,0.3333,0.613
1936,Dominic Waters,0.0,0.453059
1937,Willie Gates,0.3333,0.453059
1938,Rin Nakai,0.0,0.453059
1939,Martin Svensson,,0.453059
1940,Felipe Olivieri,,0.453059
1941,Tony Sims,0.5,0.655
1942,Masanori Kanehara,0.5,0.5
1943,Marcin Wrzosek,,0.453059
1944,Konstantin Erokhin,0.0,0.47
1945,Abner Lloveras,,0.453059
1946,Leo Kuntz,0.0,0.453059
1947,Steve Kennedy,0.0,0.453059
1948,Gasan Umalatov,0.3333,0.453059
1949,Jon Delos Reyes,0.3333,0.453059
1950,Ericka Almeida,0.0,0.453059
1951,Roger Zapata,,0.453059
1952,Nazareno Malegarie,,0.453059
1953,Sirwan Kakai,1.0,0.453059
1954,Roman Salazar,0.0,0.453059
1955,Hans Stringer,0.5,0.64
1956,Paul Redmond,0.0,0.453059
1957,Levan Makashvili,1.0,0.47
1958,Joe Merritt,,0.453059
1959,Lewis Gonzalez,,0.453059
1960,Antonio Dos Santos,0.0,0.5
1961,Leonardo Morales,0.0,0.453059
1962,Lisa Ellis,0.0,0.8
1963,Rocky Lee,,0.453059
1964,Justin Jones,0.0,0.453059
1965,Shayna Baszler,0.0,0.453059
1966,Cain Carrizosa,0.0,0.453059
1967,Roger Narvaez,0.5,0.453059
1968,Josh Copeland,0.0,0.453059
1969,Alex Torres,,0.453059
1970,Josh Shockley,0.0,0.5
1971,Rodrigo de Lima,0.0,0.453059
1972,Andy Enz,0.0,0.453059
1973,Stanislav Nedkov,0.3333,0.453059
1974,Shane Howell,0.0,0.453059
1975,Mats Nilsson,0.0,0.453059
1976,Mike Rhodes,0.0,0.48
1977,Garett Whiteley,0.0,0.453059
1978,Matt Hobar,0.5,0.453059
1979,Chris Heatherly,0.0,0.8
1980,Humberto Brown,,0.453059
1981,Rodolfo Rubio,,0.453059
1982,Tim Gorman,0.0,0.453059
1983,Guto Inocente,0.0,0.75
1984,Takenori Sato,0.0,0.453059
1985,Dashon Johnson,0.0,0.73
1986,Jianping Yang,,0.453059
1987,Danny Mitchell,0.0,0.52
1988,Jack May,0.0,0.83
1989,Mike King,,0.453059
1990,Tina Lahdemaki,,0.453059
1991,Daniel Spohn,,0.453059
1992,Guilherme Vasconcelos,,0.453059
1993,Lance Benoist,0.3333,0.59
1994,Brian Houston,0.0,0.453059
1995,Shunichi Shimizu,,0.453059
1996,Will Chope,,0.453059
1997,Quinn Mulhern,0.0,0.453059
1998,Dave Galera,,0.453059
1999,Roger Bowling,0.0,0.453059
2000,Peggy Morgan,,0.453059
2001,Adlan Amagov,1.0,0.453059
2002,David Mitchell,0.25,0.72
2003,Martin Kampmann,0.6875,0.465
2004,Brian Melancon,1.0,0.57
2005,Sheila Gaff,0.0,0.58
2006,Josh Clopton,0.0,0.69
2007,Roger Gracie,,0.453059
2008,Eddie Mendez,,0.453059
2009,John Cholish,0.5,0.68
2010,Roger Hollett,0.0,0.453059
2011,Azamat Gashimov,0.0,0.453059
2012,Gilbert Smith,,0.453059
2013,Collin Hart,,0.453059
2014,Jimmy Quinlan,,0.453059
2015,Pablo Garza,0.6,0.48
2016,Adam Cella,,0.453059
2017,Besam Yousef,0.0,0.51
2018,Issei Tamura,0.5,0.62
2019,Lavar Johnson,0.6667,0.7
2020,Matt Grice,0.3333,0.595
2021,Caros Fodor,,0.453059
2022,Brock Jardine,0.0,0.453059
2023,Jorge Santiago,0.2,0.443
2024,Motonobu Tezuka,0.0,0.453059
2025,Ulysses Gomez,0.0,0.453059
2026,Jay Hieron,0.0,0.465
2027,Milton Vieira,0.0,0.38
2028,CJ Keith,0.0,0.71
2029,Byron Bloodworth,0.0,0.453059
2030,Shane del Rosario,0.0,0.65
2031,John Cofer,0.0,0.453059
2032,Manuel Rodriguez,,0.453059
2033,Chad Griggs,0.0,0.453059
2034,Tom DeBlass,0.0,0.453059
2035,Joey Gambino,0.0,0.453059
2036,Carlo Prater,0.5,0.453059
2037,Tommy Hayden,0.0,0.453059
2038,Eiji Mitsuoka,0.0,0.48
2039,Josh Ferguson,0.0,0.58
2040,Yoislandy Izquierdo,0.0,0.56
2041,Wagner Campos,,0.453059
2042,Luis Ramos,0.0,0.57
2043,Carlos Eduardo Rocha,0.5,0.5
2044,Bernardo Magalhaes,0.0,0.453059
2045,Pat Schilling,0.0,0.57
2046,Chris Tickle,,0.453059
2047,Chris Saunders,,0.453059
2048,Jorge Lopez,0.0,0.66
2049,Nick Denis,1.0,0.47
2050,Eddie Yagin,0.0,0.453059
2051,Eric Wisely,0.0,0.5
2052,Jon Olav Einemo,0.0,0.48
2053,Stephen Bass,,0.453059
2054,Dustin Neace,,0.453059
2055,Nick Pace,0.5,0.453059
2056,Shamar Bailey,0.5,0.47
2057,Paul Bradley,0.0,0.453059
2058,Matt Lucas,,0.453059
2059,Edward Faaloloto,0.0,0.453059
2060,Ricardo Romero,0.5,0.63
2061,Donny Walker,0.0,0.453059
2062,TJ O'Brien,0.0,0.46
2063,Jason Reinhardt,0.0,0.33
2064,Javier Vazquez,,0.453059
2065,Curt Warburton,0.5,0.56
2066,Tim Credeur,0.75,0.283
2067,Charlie Valencia,,0.453059
2068,Ryan Jensen,0.2857,0.514
2069,Kyle Watson,1.0,0.53
2070,Chris Tuchscherer,0.3333,0.19
2071,Antonio Banuelos,,0.453059
2072,Gabe Ruediger,0.0,0.3
2073,Tim Hague,0.25,0.245
2074,Willamy Freire,,0.453059
2075,Amilcar Alves,0.0,0.453059
2076,Greg Soto,0.5,0.615
2077,Antonio McKee,,0.453059
2078,Aaron Wilkinson,,0.453059
2079,Tyler Toner,,0.453059
2080,Maiquel Falcao,,0.453059
2081,Goran Reljic,0.3333,0.46
2082,Alexandre Ferreira,,0.453059
2083,Mark Scanlon,,0.453059
2084,Gilbert Yvel,0.0,0.35
2085,Vinicius Queiroz,,0.453059
2086,Mark Holst,0.0,0.453059
2087,Julio Paulino,0.0,0.453059
2088,James Toney,,0.453059
2089,John Salter,0.5,0.255
2090,Steve Steinbeiss,0.0,0.36
2091,James Hammortree,,0.453059
2092,Jesse Lennox,0.5,0.245
2093,Dan Lauzon,0.0,0.365
2094,Joe Brammer,0.0,0.15
2095,Paul Daley,1.0,0.41
2096,Jonathan Goulet,0.5,0.339
2097,Renzo Gracie,,0.453059
2098,Brad Blackburn,0.75,0.375
2099,Matt Veach,0.5,0.285
2100,Mostapha Al-Turk,0.0,0.36
2101,Ronys Torres,0.0,0.12
2102,Lucio Linhares,0.0,0.29
2103,Rory Markham,0.5,0.275
2104,Paul Buentello,0.6,0.466
2105,Shannon Gugerty,0.5,0.333
2106,Chase Gormley,0.0,0.34
